id;lab_code;title;first_name;last_name;director;department;institution;address_1;address_2;s_address_1;s_address;city;state;zip;country;phone;fax;email;url;old_lab_code;s_name;s_phone;s_email;d_name;d_email;d_phone;created_at
1;Hat;supply-chains magenta;Blanca;Gleichner;User-centric Gloves;Mauritania;facilitate Tasty Concrete Chips Exclusive;Buckinghamshire capability zero tolerance;mission-critical;Berkshire Small Plastic Pants Investor;Canadian Dollar;Jeffryview;Dominican Republic Credit Card Account Handmade;Ergonomic transmitter;Guinea-Bissau;(696) 358-0781 x351;Refined Rubber Gloves Algerian Dinar Clothing;Raleigh_Fahey@yahoo.com;http://chance.org;disintermediate Cambridgeshire hacking;bricks-and-clicks Concrete Global;Fiji Dollar Profound Bacon;Macao Equatorial Guinea Vision-oriented;Agent;Human deposit;even-keeled Saint Helena Pound;2019-08-28T18:18:35
2;SCSI drive THX;Unbranded Cheese Dynamic;Lemuel;McClure;transform;invoice Home Gloves;Buckinghamshire Ports;Devolved driver Networked;Fish;payment calculating;local area network Benin;Fredyfurt;Ergonomic;Strategist target;Togo;1-647-356-5648 x12742;Shoes deposit;Zane_Weimann@gmail.com;http://tavares.org;back up Factors;architectures;Wisconsin Facilitator Incredible;reinvent;eco-centric Bedfordshire mesh;Configuration UIC-Franc;Ergonomic Concrete Soap Zambian Kwacha;2019-08-29T06:01:19
3;Open-architected;FTP;Name;Stanton;Metal array France;redundant;Synergistic Personal Loan Account Sleek;Borders;olive Handcrafted Cotton Bacon Unbranded Fresh Pants;incubate;interfaces;Alfredborough;Towels Specialist;Utah Computers Small Fresh Gloves;Guernsey;1-135-872-2964 x080;Iran;Maximo72@yahoo.com;http://werner.org;card Licensed Cotton Ball;mindshare Gorgeous;Chips;navigating;Som Rustic Frozen Keyboard ROI;Benin;Tuna Response invoice;2019-08-29T02:13:44
4;payment e-markets system;Organic;Flavio;Cronin;Steel leading-edge Small;Incredible Fresh Chips;Shoes Music connect;Hollow Shoes systems;Generic Frozen Tuna HTTP;implement;Optimization Cambridgeshire;Maevefurt;Checking Account;invoice Outdoors New York;United Kingdom;563-561-4858 x96389;Dynamic black;Cristobal.Bradtke@gmail.com;http://aurelie.name;robust withdrawal generate;Garden open-source hybrid;Solomon Islands Dollar;Personal Loan Account HTTP;schemas Specialist China;quantify multi-byte;interface Cotton Robust;2019-08-29T00:41:47
5;JSON Texas;bandwidth;Nestor;Ritchie;Configurable iterate Liechtenstein;navigating encoding;Fantastic Small Frozen Salad bypassing;time-frame Quality;Borders Borders Practical;methodical;Pakistan;Lake Tysonfort;back-end Unbranded Cambridgeshire;Designer;Austria;785-371-9167 x868;bypassing;May39@yahoo.com;https://sim.net;Sleek;Visionary;exploit transition;User-centric Principal Pennsylvania;repurpose Sleek;mesh system Triple-buffered;Cotton;2019-08-29T02:48:24
6;Tools;Arizona hack;Obie;Carroll;payment synthesize Idaho;seize Glen Refined;Mandatory Assistant;Strategist;Incredible Fresh Car Tuvalu;Senior Optional Yemeni Rial;Central African Republic;Curtchester;Wells;Naira iterate;Russian Federation;929-908-3416;client-driven olive;Gilbert58@yahoo.com;http://ariane.info;zero defect Ridges Beauty;groupware;Credit Card Account clear-thinking Frozen;parsing;models New Mexico District;Accountability;Aruba Chair portals;2019-08-28T19:58:02
7;Ways Liaison engage;disintermediate Assistant generating;Rodrigo;Bergnaum;Grocery Plastic;Ergonomic Fresh Chicken;Zimbabwe parse Customer;input Accounts;enhance Multi-channelled purple;Response;white SMTP;Morissettetown;background Baby;Kyrgyz Republic transmit;Macao;1-885-950-8745;Burg;Nicola_Sawayn@yahoo.com;https://quinn.biz;Rubber Industrial seamless;withdrawal Jamaica;International;Luxembourg Spurs;empower Home Loan Account SMS;back-end Via indexing;Business-focused Canyon Orchestrator;2019-08-29T02:48:24
8;concept payment;robust;Kaitlyn;Christiansen;Rubber Shirt;Pakistan Rupee;Chicken;e-business RSS;Rand Soap;Automated;Pants even-keeled Chair;South Blazemouth;sticky Regional;Bedfordshire;Papua New Guinea;1-007-466-0581;streamline Home SAS;Nelda98@gmail.com;http://kailyn.info;Bedfordshire Auto Loan Account back-end;monitor Small Wooden Ball;feed;connecting generate Music;Inlet Hungary Configurable;interface;Toys;2019-08-29T06:53:59
9;blue internet solution Concrete;distributed Ranch impactful;Lynn;Kuphal;Awesome Russian Federation;Pennsylvania Michigan;Cotton encompassing;Dynamic Home Loan Account;dot-com;methodology Integration Music;Pants;South Carolinahaven;Gorgeous;Car Internal Small;Macedonia;469-918-3599;Jewelery Engineer Bedfordshire;Marcelino_Schuster55@hotmail.com;https://khalil.info;synthesizing;silver;system;Buckinghamshire;Bouvet Island (Bouvetoya);Auto Loan Account asymmetric Montana;Applications;2019-08-29T06:56:03
10;Checking Account frictionless;Rubber Awesome Frozen Mouse;Enid;Paucek;Gorgeous Metal Shoes;Investment Account;Investment Account cross-platform;Configuration;parse infrastructures Mobility;Implementation Shirt Unbranded Soft Fish;Refined Soft Keyboard synthesizing;Douglasfort;hacking;open-source;Norway;593-385-3684 x4738;Money Market Account Saint Helena;Jimmy35@yahoo.com;https://giovanny.info;Bahrain Future;Bouvet Island (Bouvetoya) experiences;Credit Card Account;Belize Dollar Bacon;Investment Account Rwanda Customer;Liaison copy program;hack Electronics Oklahoma;2019-08-28T20:19:50
