id;name;description;created_at;modified_at
1;mobile Fish;Home Loan Account Table Computer;2019-08-29T13:14:07;2019-08-29T03:36:27
2;seamless Metal deposit;Producer;2019-08-28T18:39:03;2019-08-28T16:06:16
3;Electronics;Soap methodology Albania;2019-08-29T04:15:46;2019-08-29T14:04:33
4;Namibia;Steel zero administration;2019-08-29T05:50:12;2019-08-29T09:02:34
5;Licensed Savings Account;Cambridgeshire Mississippi;2019-08-29T13:30:52;2019-08-28T17:59:28
6;Yuan Renminbi Centers;Factors;2019-08-28T15:27:16;2019-08-29T01:06:38
7;envisioneer Music Public-key;infomediaries;2019-08-29T11:42:02;2019-08-28T23:59:23
8;backing up Salad;Digitized invoice;2019-08-29T07:08:54;2019-08-29T04:25:33
9;sky blue Georgia;Facilitator;2019-08-28T20:01:35;2019-08-29T03:50:07
10;e-enable Communications capacitor;Awesome;2019-08-29T09:55:33;2019-08-29T02:07:46
